{"/*":["X-Frame-Options: DENY","X-XSS-Protection: 1; mode=block","X-Content-Type-Options: nosniff","Referrer-Policy: same-origin"],"/component---node-modules-lekoarts-gatsby-theme-cara-src-templates-cara-tsx-6eacdbb1a8b1a5c92d5a.js":["Cache-Control: public, max-age=31536000, immutable"],"/component---cache-caches-gatsby-plugin-offline-app-shell-js-19245c8506e49b502b12.js":["Cache-Control: public, max-age=31536000, immutable"],"/webpack-runtime-e761c91a591dea0d5876.js":["Cache-Control: public, max-age=31536000, immutable"],"/framework-06f646d936b841f99ebd.js":["Cache-Control: public, max-age=31536000, immutable"],"/app-3fc1d8a0d8744f0f800a.js":["Cache-Control: public, max-age=31536000, immutable"],"/static/*":["Cache-Control: public, max-age=31536000, immutable"],"/sw.js":["Cache-Control: public, max-age=0, must-revalidate"],"/":["Link: </webpack-runtime-e761c91a591dea0d5876.js>; rel=preload; as=script; nopush","Link: </framework-06f646d936b841f99ebd.js>; rel=preload; as=script; nopush","Link: </app-3fc1d8a0d8744f0f800a.js>; rel=preload; as=script; nopush","Link: </component---node-modules-lekoarts-gatsby-theme-cara-src-templates-cara-tsx-6eacdbb1a8b1a5c92d5a.js>; rel=preload; as=script; nopush","Link: </page-data/app-data.json>; rel=preload; as=fetch; crossorigin; nopush","Link: </page-data/index/page-data.json>; rel=preload; as=fetch; crossorigin; nopush"],"/offline-plugin-app-shell-fallback/":["Link: </webpack-runtime-e761c91a591dea0d5876.js>; rel=preload; as=script; nopush","Link: </framework-06f646d936b841f99ebd.js>; rel=preload; as=script; nopush","Link: </app-3fc1d8a0d8744f0f800a.js>; rel=preload; as=script; nopush","Link: </component---cache-caches-gatsby-plugin-offline-app-shell-js-19245c8506e49b502b12.js>; rel=preload; as=script; nopush","Link: </page-data/app-data.json>; rel=preload; as=fetch; crossorigin; nopush","Link: </page-data/offline-plugin-app-shell-fallback/page-data.json>; rel=preload; as=fetch; crossorigin; nopush"]}