{"errors":[],"warnings":[],"namedChunkGroups":{"polyfill":{"chunks":[0,5],"assets":["webpack-runtime-e761c91a591dea0d5876.js","webpack-runtime-e761c91a591dea0d5876.js.map","polyfill-99ed6e6526443abbb324.js","polyfill-99ed6e6526443abbb324.js.map"],"children":{},"childAssets":{}},"app":{"chunks":[0,4,1],"assets":["webpack-runtime-e761c91a591dea0d5876.js","webpack-runtime-e761c91a591dea0d5876.js.map","framework-06f646d936b841f99ebd.js","framework-06f646d936b841f99ebd.js.map","app-3fc1d8a0d8744f0f800a.js","app-3fc1d8a0d8744f0f800a.js.map"],"children":{},"childAssets":{}},"component---cache-caches-gatsby-plugin-offline-app-shell-js":{"chunks":[2],"assets":["component---cache-caches-gatsby-plugin-offline-app-shell-js-19245c8506e49b502b12.js","component---cache-caches-gatsby-plugin-offline-app-shell-js-19245c8506e49b502b12.js.map"],"children":{},"childAssets":{}},"component---node-modules-lekoarts-gatsby-theme-cara-src-templates-cara-tsx":{"chunks":[3],"assets":["component---node-modules-lekoarts-gatsby-theme-cara-src-templates-cara-tsx-6eacdbb1a8b1a5c92d5a.js","component---node-modules-lekoarts-gatsby-theme-cara-src-templates-cara-tsx-6eacdbb1a8b1a5c92d5a.js.map"],"children":{},"childAssets":{}}},"assetsByChunkName":{"polyfill":["webpack-runtime-e761c91a591dea0d5876.js","polyfill-99ed6e6526443abbb324.js"],"app":["webpack-runtime-e761c91a591dea0d5876.js","framework-06f646d936b841f99ebd.js","app-3fc1d8a0d8744f0f800a.js"],"component---cache-caches-gatsby-plugin-offline-app-shell-js":["component---cache-caches-gatsby-plugin-offline-app-shell-js-19245c8506e49b502b12.js"],"component---node-modules-lekoarts-gatsby-theme-cara-src-templates-cara-tsx":["component---node-modules-lekoarts-gatsby-theme-cara-src-templates-cara-tsx-6eacdbb1a8b1a5c92d5a.js"]}}